{"mapping":[{"base":[12288],"size":[4096],"r":[true],"w":[true],"x":[true],"c":[false],"a":[true],"names":["error-device@3000"]},{"base":[16384],"size":[4096],"r":[true],"w":[true],"x":[false],"c":[false],"a":[true],"names":["boot-address-reg@4000"]},{"base":[65536],"size":[65536],"r":[true],"w":[false],"x":[true],"c":[false],"a":[false],"names":["rom@10000"]},{"base":[1048576],"size":[4096],"r":[true],"w":[true],"x":[false],"c":[false],"a":[true],"names":["clock-gater@100000"]},{"base":[1114112],"size":[4096],"r":[true],"w":[true],"x":[false],"c":[false],"a":[true],"names":["tile-reset-setter@110000"]},{"base":[33554432],"size":[65536],"r":[true],"w":[true],"x":[false],"c":[false],"a":[true],"names":["clint@2000000"]},{"base":[33619968],"size":[4096],"r":[true],"w":[true],"x":[false],"c":[false],"a":[true],"names":["cache-controller@2010000"]},{"base":[201326592],"size":[67108864],"r":[true],"w":[true],"x":[false],"c":[false],"a":[true],"names":["interrupt-controller@c000000"]},{"base":[1677721600],"size":[4096],"r":[true],"w":[true],"x":[false],"c":[false],"a":[true],"names":["serial@64000000"]},{"base":[1677725696],"size":[4096],"r":[true],"w":[true],"x":[false],"c":[false],"a":[true],"names":["spi@64001000"]},{"base":[2147483648],"size":[2147483648],"r":[true],"w":[true],"x":[true],"c":[true],"a":[true],"names":["memory@80000000"]}]}