{"banks":[{"addresses":[{"base":2147483648,"mask":2147483455}],"reset":"VCU440FPGATestHarness.chiptop.system.subsystem_l2_wrapper.l2.mods_0.reset","tagBits":[18,19,20,21,22,23,24,25,26,27,28,29,30],"setBits":[8,9,10,11,12,13,14,15,16,17],"blockBytes":64,"ways":8,"directory":{"clients":1,"mem":"VCU440FPGATestHarness.chiptop.system.subsystem_l2_wrapper.l2.mods_0.directory.cc_dir","clean":"VCU440FPGATestHarness.chiptop.system.subsystem_l2_wrapper.l2.mods_0.directory.wipeDone"},"subbanks":{"widthBytes":8,"mem":["VCU440FPGATestHarness.chiptop.system.subsystem_l2_wrapper.l2.mods_0.bankedStore.cc_banks_0","VCU440FPGATestHarness.chiptop.system.subsystem_l2_wrapper.l2.mods_0.bankedStore.cc_banks_1","VCU440FPGATestHarness.chiptop.system.subsystem_l2_wrapper.l2.mods_0.bankedStore.cc_banks_2","VCU440FPGATestHarness.chiptop.system.subsystem_l2_wrapper.l2.mods_0.bankedStore.cc_banks_3","VCU440FPGATestHarness.chiptop.system.subsystem_l2_wrapper.l2.mods_0.bankedStore.cc_banks_4","VCU440FPGATestHarness.chiptop.system.subsystem_l2_wrapper.l2.mods_0.bankedStore.cc_banks_5","VCU440FPGATestHarness.chiptop.system.subsystem_l2_wrapper.l2.mods_0.bankedStore.cc_banks_6","VCU440FPGATestHarness.chiptop.system.subsystem_l2_wrapper.l2.mods_0.bankedStore.cc_banks_7"]}},{"addresses":[{"base":2147483712,"mask":2147483455}],"reset":"VCU440FPGATestHarness.chiptop.system.subsystem_l2_wrapper.l2.mods_1.reset","tagBits":[18,19,20,21,22,23,24,25,26,27,28,29,30],"setBits":[8,9,10,11,12,13,14,15,16,17],"blockBytes":64,"ways":8,"directory":{"clients":1,"mem":"VCU440FPGATestHarness.chiptop.system.subsystem_l2_wrapper.l2.mods_1.directory.cc_dir","clean":"VCU440FPGATestHarness.chiptop.system.subsystem_l2_wrapper.l2.mods_1.directory.wipeDone"},"subbanks":{"widthBytes":8,"mem":["VCU440FPGATestHarness.chiptop.system.subsystem_l2_wrapper.l2.mods_1.bankedStore.cc_banks_0","VCU440FPGATestHarness.chiptop.system.subsystem_l2_wrapper.l2.mods_1.bankedStore.cc_banks_1","VCU440FPGATestHarness.chiptop.system.subsystem_l2_wrapper.l2.mods_1.bankedStore.cc_banks_2","VCU440FPGATestHarness.chiptop.system.subsystem_l2_wrapper.l2.mods_1.bankedStore.cc_banks_3","VCU440FPGATestHarness.chiptop.system.subsystem_l2_wrapper.l2.mods_1.bankedStore.cc_banks_4","VCU440FPGATestHarness.chiptop.system.subsystem_l2_wrapper.l2.mods_1.bankedStore.cc_banks_5","VCU440FPGATestHarness.chiptop.system.subsystem_l2_wrapper.l2.mods_1.bankedStore.cc_banks_6","VCU440FPGATestHarness.chiptop.system.subsystem_l2_wrapper.l2.mods_1.bankedStore.cc_banks_7"]}},{"addresses":[{"base":2147483776,"mask":2147483455}],"reset":"VCU440FPGATestHarness.chiptop.system.subsystem_l2_wrapper.l2.mods_2.reset","tagBits":[18,19,20,21,22,23,24,25,26,27,28,29,30],"setBits":[8,9,10,11,12,13,14,15,16,17],"blockBytes":64,"ways":8,"directory":{"clients":1,"mem":"VCU440FPGATestHarness.chiptop.system.subsystem_l2_wrapper.l2.mods_2.directory.cc_dir","clean":"VCU440FPGATestHarness.chiptop.system.subsystem_l2_wrapper.l2.mods_2.directory.wipeDone"},"subbanks":{"widthBytes":8,"mem":["VCU440FPGATestHarness.chiptop.system.subsystem_l2_wrapper.l2.mods_2.bankedStore.cc_banks_0","VCU440FPGATestHarness.chiptop.system.subsystem_l2_wrapper.l2.mods_2.bankedStore.cc_banks_1","VCU440FPGATestHarness.chiptop.system.subsystem_l2_wrapper.l2.mods_2.bankedStore.cc_banks_2","VCU440FPGATestHarness.chiptop.system.subsystem_l2_wrapper.l2.mods_2.bankedStore.cc_banks_3","VCU440FPGATestHarness.chiptop.system.subsystem_l2_wrapper.l2.mods_2.bankedStore.cc_banks_4","VCU440FPGATestHarness.chiptop.system.subsystem_l2_wrapper.l2.mods_2.bankedStore.cc_banks_5","VCU440FPGATestHarness.chiptop.system.subsystem_l2_wrapper.l2.mods_2.bankedStore.cc_banks_6","VCU440FPGATestHarness.chiptop.system.subsystem_l2_wrapper.l2.mods_2.bankedStore.cc_banks_7"]}},{"addresses":[{"base":2147483840,"mask":2147483455}],"reset":"VCU440FPGATestHarness.chiptop.system.subsystem_l2_wrapper.l2.mods_3.reset","tagBits":[18,19,20,21,22,23,24,25,26,27,28,29,30],"setBits":[8,9,10,11,12,13,14,15,16,17],"blockBytes":64,"ways":8,"directory":{"clients":1,"mem":"VCU440FPGATestHarness.chiptop.system.subsystem_l2_wrapper.l2.mods_3.directory.cc_dir","clean":"VCU440FPGATestHarness.chiptop.system.subsystem_l2_wrapper.l2.mods_3.directory.wipeDone"},"subbanks":{"widthBytes":8,"mem":["VCU440FPGATestHarness.chiptop.system.subsystem_l2_wrapper.l2.mods_3.bankedStore.cc_banks_0","VCU440FPGATestHarness.chiptop.system.subsystem_l2_wrapper.l2.mods_3.bankedStore.cc_banks_1","VCU440FPGATestHarness.chiptop.system.subsystem_l2_wrapper.l2.mods_3.bankedStore.cc_banks_2","VCU440FPGATestHarness.chiptop.system.subsystem_l2_wrapper.l2.mods_3.bankedStore.cc_banks_3","VCU440FPGATestHarness.chiptop.system.subsystem_l2_wrapper.l2.mods_3.bankedStore.cc_banks_4","VCU440FPGATestHarness.chiptop.system.subsystem_l2_wrapper.l2.mods_3.bankedStore.cc_banks_5","VCU440FPGATestHarness.chiptop.system.subsystem_l2_wrapper.l2.mods_3.bankedStore.cc_banks_6","VCU440FPGATestHarness.chiptop.system.subsystem_l2_wrapper.l2.mods_3.bankedStore.cc_banks_7"]}}]