{"#address-cells":[1],"#size-cells":[1],"aliases":{"serial0":["&/soc/serial@64000000"]},"compatible":["freechips,rocketchip-unknown-dev"],"cpus":{"#address-cells":[1],"#size-cells":[0],"cpu@0":{"clock-frequency":[0],"compatible":["sifive,rocket0","riscv"],"d-cache-block-size":[64],"d-cache-sets":[64],"d-cache-size":[16384],"d-tlb-sets":[1],"d-tlb-size":[32],"device_type":["cpu"],"hardware-exec-breakpoint-count":[1],"i-cache-block-size":[64],"i-cache-sets":[64],"i-cache-size":[16384],"i-tlb-sets":[1],"i-tlb-size":[32],"interrupt-controller":{"#interrupt-cells":[1],"compatible":["riscv,cpu-intc"],"interrupt-controller":[]},"mmu-type":["riscv,sv39"],"next-level-cache":["&/soc/cache-controller@2010000"],"reg":[{"base":0,"size":1,"r":false,"w":false,"x":false,"c":false,"a":false}],"riscv,isa":["rv64imafdc"],"riscv,pmpgranularity":[4],"riscv,pmpregions":[8],"status":["okay"],"timebase-frequency":[1000000],"tlb-split":[]},"timebase-frequency":[1000000]},"memory@80000000":{"device_type":["memory"],"reg":[{"base":2147483648,"size":2147483648,"r":true,"w":true,"x":true,"c":true,"a":true}]},"model":["freechips,rocketchip-unknown"],"soc":{"#address-cells":[1],"#size-cells":[1],"boot-address-reg@4000":{"reg":[{"base":16384,"size":4096,"r":true,"w":true,"x":false,"c":false,"a":true}],"reg-names":["control"]},"cache-controller@2010000":{"cache-block-size":[64],"cache-level":[2],"cache-sets":[4096],"cache-size":[2097152],"cache-unified":[],"compatible":["sifive,inclusivecache0","cache"],"next-level-cache":["&/memory@80000000"],"reg":[{"base":33619968,"size":4096,"r":true,"w":true,"x":false,"c":false,"a":true}],"reg-names":["control"],"sifive,mshr-count":[12]},"clint@2000000":{"compatible":["riscv,clint0"],"interrupts-extended":["&/cpus/cpu@0/interrupt-controller",3,"&/cpus/cpu@0/interrupt-controller",7],"reg":[{"base":33554432,"size":65536,"r":true,"w":true,"x":false,"c":false,"a":true}],"reg-names":["control"]},"clock-gater@100000":{"reg":[{"base":1048576,"size":4096,"r":true,"w":true,"x":false,"c":false,"a":true}],"reg-names":["control"]},"compatible":["freechips,rocketchip-unknown-soc","simple-bus"],"error-device@3000":{"compatible":["sifive,error0"],"reg":[{"base":12288,"size":4096,"r":true,"w":true,"x":true,"c":false,"a":true}]},"interrupt-controller@c000000":{"#interrupt-cells":[1],"compatible":["riscv,plic0"],"interrupt-controller":[],"interrupts-extended":["&/cpus/cpu@0/interrupt-controller",11,"&/cpus/cpu@0/interrupt-controller",9],"reg":[{"base":201326592,"size":67108864,"r":true,"w":true,"x":false,"c":false,"a":true}],"reg-names":["control"],"riscv,max-priority":[3],"riscv,ndev":[2]},"ranges":[],"rom@10000":{"compatible":["sifive,rom0"],"reg":[{"base":65536,"size":65536,"r":true,"w":false,"x":true,"c":false,"a":false}],"reg-names":["mem"]},"serial@64000000":{"clocks":["&/soc/subsystem_pbus_clock"],"compatible":["sifive,uart0"],"interrupt-parent":["&/soc/interrupt-controller@c000000"],"interrupts":[1],"reg":[{"base":1677721600,"size":4096,"r":true,"w":true,"x":false,"c":false,"a":true}],"reg-names":["control"]},"spi@64001000":{"#address-cells":[1],"#size-cells":[0],"clocks":["&/soc/subsystem_pbus_clock"],"compatible":["sifive,spi0"],"interrupt-parent":["&/soc/interrupt-controller@c000000"],"interrupts":[2],"mmc@0":{"compatible":["mmc-spi-slot"],"disable-wp":[],"reg":[{"base":0,"size":1,"r":false,"w":false,"x":false,"c":false,"a":false}],"spi-max-frequency":[500000],"voltage-ranges":[3300,3300]},"reg":[{"base":1677725696,"size":4096,"r":true,"w":true,"x":false,"c":false,"a":true}],"reg-names":["control"]},"subsystem_mbus_clock":{"#clock-cells":[0],"clock-frequency":[100000000],"clock-output-names":["subsystem_mbus_clock"],"compatible":["fixed-clock"]},"subsystem_pbus_clock":{"#clock-cells":[0],"clock-frequency":[100000000],"clock-output-names":["subsystem_pbus_clock"],"compatible":["fixed-clock"]},"tile-reset-setter@110000":{"reg":[{"base":1114112,"size":4096,"r":true,"w":true,"x":false,"c":false,"a":true}],"reg-names":["control"]}}}